{
  "num_episodes": 200,
  "training_time": 42.498138189315796,
  "episode_rewards": [
    -13.02954325339931,
    -12.91358055322344,
    -12.94644762652144,
    -12.92322471956301,
    -12.952328060751155,
    -13.090120742080206,
    -13.080678489776972,
    -13.033149462778606,
    -12.97148368385864,
    -12.994522153063878,
    -13.00139058389194,
    -13.209099545030606,
    -13.00931785471007,
    -12.99668216300326,
    -12.914165822299035,
    -13.016189815732542,
    -13.04830506970587,
    -12.98844497746855,
    -12.941165117893789,
    -12.997268487075848,
    -13.05366933973946,
    -12.991655239246402,
    -13.013576537342754,
    -13.113373371792816,
    -12.956132025383647,
    -13.03012133253046,
    -13.022096454549946,
    -13.07193321921711,
    -12.973985474295667,
    -12.951613916846053,
    -13.043088242797863,
    -12.892086314389292,
    -12.973934637547329,
    -12.956745121960726,
    -12.989815984721231,
    -12.994274048582549,
    -13.127609214349503,
    -12.899931567646277,
    -12.93735129503654,
    -13.047646971370746,
    -12.974352745866032,
    -13.074341897390475,
    -12.985974063658853,
    -13.073665923708708,
    -12.997542654382366,
    -12.977362685631777,
    -12.977272519586966,
    -12.906204000322543,
    -12.977836328821999,
    -12.962491915934992,
    -12.974805179635766,
    -12.936323088704125,
    -13.094415214700321,
    -13.0229699474104,
    -12.959769723682966,
    -13.014288543508727,
    -13.025618434945532,
    -13.039409853744537,
    -13.06591475276366,
    -13.069118494004927,
    -13.134108873427131,
    -12.886348824037986,
    -13.037636690553892,
    -13.099590851798867,
    -12.997507378186201,
    -12.929493032474934,
    -12.979926805847008,
    -13.079849890262054,
    -12.958983876941659,
    -12.965887196681457,
    -12.97787664237448,
    -12.953010951224353,
    -13.0447872356847,
    -13.043451604294548,
    -13.114391584373271,
    -12.973104765997432,
    -13.062792709157836,
    -12.944276415955766,
    -13.051184216991697,
    -13.02317293760327,
    -13.044337296091742,
    -12.903219381102748,
    -12.9903300155808,
    -12.978253759634466,
    -13.016378189503579,
    -13.048057162691176,
    -12.983282729495798,
    -12.961009997703147,
    -12.94970943398804,
    -12.920826180548158,
    -13.001100501527478,
    -13.026152653776684,
    -13.037218063964396,
    -12.946639736634468,
    -13.05631126186135,
    -12.980076266031276,
    -12.88190821281141,
    -13.020723212466448,
    -13.106797466877147,
    -13.040312359010906,
    -12.90269504060173,
    -12.91297355803287,
    -13.00396137453773,
    -13.038495136424185,
    -12.993436378837142,
    -12.986620370765165,
    -13.110845547114764,
    -12.898140059883046,
    -13.12466704526363,
    -12.995811559095149,
    -13.007682660438626,
    -13.036357406070158,
    -12.83585475338279,
    -12.893823698353607,
    -13.090135898093822,
    -12.870365579793082,
    -12.92501716279063,
    -12.988837952966904,
    -13.001494835747003,
    -12.931402750124246,
    -13.045297961645577,
    -13.0575628451789,
    -12.955926603947338,
    -13.056484848280926,
    -13.129648534732443,
    -12.949961736785614,
    -13.038418491957248,
    -12.962357925910036,
    -12.883660724124756,
    -13.027859156762993,
    -13.084641544354406,
    -13.12530963036534,
    -13.04747657993302,
    -13.077367254559153,
    -12.982241222464024,
    -12.907225081573712,
    -12.85585312004453,
    -13.024088796937113,
    -12.992249385072371,
    -13.084284222556821,
    -13.117272675437048,
    -13.097291961569653,
    -13.064176512944979,
    -13.06658515658,
    -12.973776024738466,
    -12.9767119214699,
    -13.048625447763024,
    -13.01762535561243,
    -12.996639572371766,
    -12.86628127277318,
    -13.094357165269516,
    -12.992418734496468,
    -13.083819964456387,
    -13.027584555724346,
    -12.857002352523404,
    -13.068170742457118,
    -12.915544813465342,
    -13.027962350206097,
    -12.954871832500386,
    -12.929030908564316,
    -13.08880006215075,
    -13.002193712374785,
    -12.984982256833085,
    -12.932034516782284,
    -12.935417946547426,
    -12.934333221526423,
    -13.077392927894161,
    -12.960875191457477,
    -12.960607142606836,
    -13.020232761274695,
    -12.994802544603965,
    -13.065880757308067,
    -12.996010170226722,
    -12.985669293674933,
    -12.989966395066123,
    -12.891150367298412,
    -13.003499872436164,
    -12.88663630984063,
    -13.035118055121709,
    -12.942746300000252,
    -13.017982736412955,
    -12.893201178399561,
    -13.074993089308869,
    -12.96811026616708,
    -12.971018394793177,
    -12.991852413794366,
    -12.96022535913968,
    -13.070542305789761,
    -12.89904705683001,
    -13.102842062202223,
    -13.012343142359057,
    -13.045189184033521,
    -12.92968196476987,
    -13.011526673250728,
    -13.001905614008152,
    -13.064143540793328,
    -12.913538602326822,
    -13.096803641189815,
    -12.909707210088852,
    -13.062010454241756
  ],